{
    "point":
    [
        122.0212993836,
        29.7524119430,
        95.7202882012
    ],
    "radius": 1139.2785457872
}
